split-files/10B.txt00, 114968,77890,1.47603029914,114158,77890,1.4656310181,89634,77890,1.15077673642,85438,77890,1.09690589293,82210,77890,1.0554628322,128000,106.092428923
split-files/10B.txt01, 120366,77846,1.54620661306,119318,77846,1.53274413586,92678,77846,1.19053002081,86570,77846,1.11206741515,83006,77846,1.06628471598,128000,149.287652016
split-files/10B.txt02, 122002,77734,1.56948053619,120758,77734,1.55347724291,92478,77734,1.18967247279,87394,77734,1.12426994623,83414,77734,1.07306969923,128000,173.3271029
split-files/10B.txt03, 123388,77872,1.58449763715,121240,77872,1.55691391001,92680,77872,1.19015820834,87280,77872,1.1208136429,83292,77872,1.06960139716,128000,179.389549017
split-files/10B.txt04, 124700,78042,1.59785756388,122674,78042,1.57189718357,92646,78042,1.18713000692,87822,78042,1.12531713693,84182,78042,1.07867558494,128000,196.771111012
split-files/10B.txt05, 124690,77710,1.60455539828,122320,77710,1.57405739287,92446,77710,1.18962810449,87712,77710,1.12870930382,84110,77710,1.08235748295,128000,210.902954817
split-files/10B.txt06, 125374,77822,1.61103543985,122356,77822,1.57225463237,92738,77822,1.19166816581,87908,77822,1.12960345404,83742,77822,1.0760710339,128000,209.227373123
split-files/10B.txt07, 125156,77692,1.61092519178,123588,77692,1.59074293364,92764,77692,1.19399680791,88384,77692,1.13762034701,84412,77692,1.08649539206,128000,232.590309143
split-files/10B.txt08, 126162,77798,1.62166122522,123382,77798,1.58592765881,91982,77798,1.18231831152,88484,77798,1.13735571609,83918,77798,1.07866526132,128000,229.545348883
split-files/10B.txt09, 127200,78110,1.62847266675,123718,78110,1.58389450775,93238,78110,1.19367558571,88436,78110,1.13219818205,85010,78110,1.0883369607,128000,244.323412895
split-files/10B.txt10, 126624,77470,1.63449077062,123230,77470,1.59068026333,92886,77470,1.19899315864,87874,77470,1.13429714728,83750,77470,1.08106363754,128000,246.671368122
split-files/10B.txt11, 126898,77720,1.63275862069,124148,77720,1.597375193,92784,77720,1.19382398353,88220,77720,1.13510036027,84640,77720,1.08903757077,128000,257.063554049
split-files/10B.txt12, 127090,77766,1.63426175964,124866,77766,1.60566314328,93262,77766,1.19926446005,87906,77766,1.13039117352,84366,77766,1.0848699946,128000,258.444175005
split-files/10B.txt13, 127521,77828,1.63849771291,123168,77828,1.58256668551,94000,77828,1.20779154032,87626,77828,1.12589299481,83768,77828,1.07632214627,128000,275.577702999
split-files/10B.txt14, 127634,77889,1.63866528008,124105,77889,1.59335721347,92945,77889,1.19330072282,88179,77889,1.13211108115,84389,77889,1.08345209208,128000,261.126427174
split-files/10B.txt15, 127105,77615,1.63763447787,124243,77615,1.60076016234,92779,77615,1.19537460542,87887,77615,1.13234555176,83395,77615,1.07447014108,128000,293.318831921
split-files/10B.txt16, 129228,78467,1.64690889164,125695,78467,1.60188359438,94019,78467,1.19819796857,88907,78467,1.13304956224,85307,78467,1.08717040284,128000,307.938142061
split-files/10B.txt17, 126700,77087,1.64359749374,123723,77087,1.6049787902,92551,77087,1.20060451179,87383,77087,1.13356337644,84147,77087,1.09158483272,128000,291.081934929
split-files/10B.txt18, 128540,78032,1.64727291368,125368,78032,1.60662292393,93120,78032,1.19335657166,88520,78032,1.13440639738,84312,78032,1.08047980316,128000,302.60018301
split-files/10B.txt19, 128868,77816,1.65606045029,125676,77816,1.61504060862,93256,77816,1.19841677804,88772,77816,1.14079366711,84316,77816,1.08353037936,128000,296.971889973
split-files/10B.txt20, 129586,78484,1.65111360277,124644,78484,1.58814535447,93884,78484,1.1962183375,89392,78484,1.13898374191,84724,78484,1.07950665104,128000,295.458849907
split-files/10B.txt21, 127545,77179,1.65258684357,126949,77179,1.64486453569,92091,77179,1.19321317975,88135,77179,1.14195571334,83939,77179,1.08758859275,128000,303.13182807
split-files/10B.txt22, 129477,78304,1.65351706171,127118,78304,1.6233908868,93304,78304,1.19156109522,89164,78304,1.13869023294,84424,78304,1.07815692685,128000,307.759632826
split-files/10B.txt23, 130038,78105,1.66491261763,126705,78105,1.62223929326,92809,78105,1.1882593944,89037,78105,1.13996543115,84885,78105,1.08680622239,128000,327.474304914
split-files/10B.txt24, 127959,77193,1.65765030508,124355,77193,1.61096213387,92737,77193,1.20136540878,87933,77193,1.13913178656,84573,77193,1.09560452373,128000,328.283427
split-files/10B.txt25, 129265,77979,1.65768989087,126585,77979,1.62332166352,93115,77979,1.1941035407,89319,77979,1.14542376794,84459,77979,1.08309929596,128000,328.482637882
split-files/10B.txt26, 129338,77676,1.66509603996,125808,77676,1.61965085741,92836,77676,1.19516967918,87600,77676,1.12776147072,84336,77676,1.08574076935,128000,332.143173933
split-files/10B.txt27, 129528,78022,1.66014713799,126090,78022,1.61608264336,93150,78022,1.19389402989,88798,78022,1.13811489067,84842,78022,1.08741124298,128000,345.331195116
split-files/10B.txt28, 130360,78045,1.67031840605,126217,78045,1.61723364725,93321,78045,1.19573323083,89229,78045,1.14330194119,84685,78045,1.08507912102,128000,333.39669919
split-files/10B.txt29, 128910,77355,1.66647275548,125283,77355,1.61958503006,92103,77355,1.19065348071,88371,77355,1.14240837696,84255,77355,1.08919914679,128000,341.9357059
split-files/10B.txt30, 130600,78318,1.66756045864,128606,78318,1.64210015578,93862,78318,1.19847289257,88542,78318,1.13054470237,85258,78318,1.08861309022,128000,363.546996832
split-files/10B.txt31, 129144,77295,1.6707937124,123623,77295,1.59936606508,92103,77295,1.19157772172,88275,77295,1.14205317291,84315,77295,1.09082088104,128000,332.293642044
split-files/10B.txt32, 129583,77699,1.66775634178,126061,77699,1.62242757307,93103,77699,1.19825222976,88043,77699,1.1331291265,84799,77699,1.09137826742,128000,383.355371952
split-files/10B.txt33, 131095,77962,1.68152433237,125376,77962,1.60816808189,93814,77962,1.20332982735,89014,77962,1.14176137092,84802,77962,1.08773505041,128000,378.2806499
split-files/10B.txt34, 129110,77676,1.66216077038,126636,77676,1.63031052062,94252,77676,1.21339924816,88992,77676,1.14568206396,84496,77676,1.08780060765,128000,343.441316843
split-files/10B.txt35, 130032,78060,1.66579554189,125076,78060,1.60230591852,93092,78060,1.19256981809,88992,78060,1.14004611837,84620,78060,1.08403791955,128000,347.200037956
split-files/10B.txt36, 129725,77617,1.67134777175,127219,77617,1.63906103044,92817,77617,1.19583338702,88549,77617,1.14084543335,84477,77617,1.08838269967,128000,375.936125994
split-files/10B.txt37, 130469,77853,1.67583779687,127599,77853,1.63897344996,93117,77853,1.19606180879,89277,77853,1.14673808331,84853,77853,1.08991304124,128000,384.773495913
split-files/10B.txt38, 130081,77779,1.67244371874,124923,77779,1.60612761799,93627,77779,1.20375679811,88759,77779,1.1411692102,84959,77779,1.09231283508,128000,372.074507952
split-files/10B.txt39, 130587,77689,1.68089433511,126665,77689,1.6304109977,92905,77689,1.19585784345,88849,77689,1.14364968013,84629,77689,1.08933053585,128000,406.850930929
split-files/10B.txt40, 129798,77461,1.67565613664,126229,77461,1.62958133771,92609,77461,1.19555647358,88705,77461,1.14515691767,84231,77461,1.08739882005,128000,379.204908848
split-files/10B.txt41, 130298,77731,1.67626815556,126175,77731,1.62322625465,93367,77731,1.20115526624,87991,77731,1.13199367048,84441,77731,1.0863233459,128000,382.566159964
split-files/10B.txt42, 131315,77789,1.6880921467,128351,77789,1.64998907301,93165,77789,1.19766290864,88241,77789,1.13436347041,85429,77789,1.09821440049,128000,379.281096935
split-files/10B.txt43, 130153,77644,1.67627891402,124974,77644,1.60957704394,93300,77644,1.20163824636,88588,77644,1.14095100716,84864,77644,1.09298851167,128000,394.091253042
split-files/10B.txt44, 130624,78174,1.67093918694,127074,78174,1.62552766905,93626,78174,1.19766162663,89358,78174,1.14306546934,85314,78174,1.09133471487,128000,384.5929811
split-files/10B.txt45, 131012,78071,1.67811351206,127679,78071,1.63542160341,94047,78071,1.20463424319,89351,78071,1.14448386725,86211,78071,1.10426406732,128000,388.723611116
split-files/10B.txt46, 130331,77321,1.68558347668,124867,77321,1.61491703418,93461,77321,1.20874018701,88565,77321,1.14541974367,84601,77321,1.09415294681,128000,374.275497913
split-files/10B.txt47, 130981,78134,1.6763636829,128186,78134,1.64059180382,94046,78134,1.2036501395,89258,78134,1.14237079888,84854,78134,1.0860060921,128000,415.049506187
split-files/10B.txt48, 130082,77473,1.67906238302,126127,77473,1.62801233978,93233,77473,1.2034257096,88477,77473,1.14203658049,84813,77473,1.09474268455,128000,406.566580057
split-files/10B.txt49, 132108,78264,1.6879791475,130220,78264,1.663855668,93992,78264,1.20096085045,89292,78264,1.14090769703,85384,78264,1.09097413881,128000,418.024600983
split-files/10B.txt50, 128831,76961,1.67397772898,124333,76961,1.61553254246,92113,76961,1.19687893868,88145,76961,1.14532035706,83921,76961,1.09043541534,128000,385.636671066
split-files/10B.txt51, 133701,78878,1.69503537108,125702,78878,1.59362559903,95134,78878,1.20609041811,90494,78878,1.1472653972,86698,78878,1.09914044474,128000,426.081435919
split-files/10B.txt52, 130608,77573,1.68367859951,127533,77573,1.64403851856,92909,77573,1.19769765253,89501,77573,1.15376484086,84673,77573,1.09152669099,128000,400.727389812
split-files/10B.txt53, 132125,78020,1.69347603179,129118,78020,1.65493463215,93824,78020,1.20256344527,89486,78020,1.14696231735,84600,78020,1.0843373494,128000,408.162840843
split-files/10B.txt54, 130219,77637,1.67728016281,124783,77637,1.60726200137,92873,77637,1.19624663498,88869,77637,1.14467328722,83997,77637,1.08191970323,128000,401.57509613
split-files/10B.txt55, 130458,77252,1.68873297779,127106,77252,1.6453425154,92452,77252,1.19675865997,88640,77252,1.14741365919,84332,77252,1.09164811267,128000,420.505531073
split-files/10B.txt56, 131114,78093,1.67894689665,123675,78093,1.58368867888,93749,78093,1.20047891616,88983,78093,1.13944911836,85393,78093,1.09347828871,128000,456.541873932
split-files/10B.txt57, 132006,78253,1.6869129618,130383,78253,1.66617254291,93205,78253,1.19107254674,89203,78253,1.13993073748,85763,78253,1.0959707615,128000,431.772125959
split-files/10B.txt58, 131278,77763,1.68818075434,128301,77763,1.64989776629,93531,77763,1.20276995486,88797,77763,1.14189267389,84753,77763,1.08988850739,128000,439.756183863
split-files/10B.txt59, 131067,77563,1.68981344198,127571,77563,1.64474040457,92775,77563,1.19612444078,88531,77563,1.14140762993,84863,77563,1.09411704034,128000,441.937613964
split-files/10B.txt60, 132361,78341,1.68954953345,125485,78341,1.60177940031,94017,78341,1.20009956472,89801,78341,1.14628355523,85741,78341,1.0944588402,128000,446.091274023
split-files/10B.txt61, 132648,78328,1.69349402513,131312,78328,1.67643754468,94076,78328,1.20105198652,89884,78328,1.14753344909,85088,78328,1.08630374834,128000,441.723659992
split-files/10B.txt62, 130649,77635,1.68286211116,126463,77635,1.62894313132,93367,77635,1.2026405616,89239,77635,1.14946866748,84995,77635,1.09480260192,128000,425.863771915
split-files/10B.txt63, 130467,76893,1.69673442316,124593,76893,1.62034255394,92413,76893,1.20183891902,87681,76893,1.14029885685,84253,76893,1.09571742551,128000,469.976808786
split-files/10B.txt64, 132628,78622,1.6869069726,127234,78622,1.61830022131,94782,78622,1.20554043398,89986,78622,1.14453969627,85562,78622,1.08827045865,128000,430.0217731
split-files/10B.txt65, 130973,77201,1.69651947514,126389,77201,1.63714200593,92757,77201,1.20149998057,87761,77201,1.13678579293,84401,77201,1.09326304063,128000,467.304181099
split-files/10B.txt66, 131325,77772,1.68858972381,126600,77772,1.62783521062,93712,77772,1.2049580826,89328,77772,1.14858818084,84592,77772,1.08769222857,128000,456.181432962
split-files/10B.txt67, 133092,78651,1.69218446046,123935,78651,1.57575873161,94171,78651,1.19732743385,90255,78651,1.14753785712,86211,78651,1.09612083762,128000,454.342074871
split-files/10B.txt68, 129086,76519,1.68697970439,127197,76519,1.66229302526,92127,76519,1.20397548321,87139,76519,1.13878905893,83659,76519,1.09331015826,128000,473.40389204
split-files/10B.txt69, 135029,79196,1.70499772716,130960,79196,1.65361886964,95488,79196,1.20571746048,90884,79196,1.14758321127,86296,79196,1.08965099247,128000,483.299277067
split-files/10B.txt70, 129655,76869,1.68670075063,124305,76869,1.61710182258,92465,76869,1.20289063211,87441,76869,1.13753268548,84059,76869,1.09353575564,128000,452.42862606
split-files/10B.txt71, 133408,78891,1.69104207071,130115,78891,1.6493009342,95259,78891,1.20747613796,90585,78891,1.1482298361,85811,78891,1.08771596253,128000,477.342579126
split-files/10B.txt72, 129081,76585,1.68546059933,124525,76585,1.62597114317,92209,76585,1.20400861788,87283,76585,1.13968792845,83405,76585,1.08905138082,128000,519.88083005
split-files/10B.txt73, 132270,78224,1.6909132747,127408,78224,1.62875843731,93796,78224,1.19906933933,89138,78224,1.13952239722,85524,78224,1.09332174269,128000,479.482964039
split-files/10B.txt74, 133741,78627,1.70095514264,128639,78627,1.63606649115,94523,78627,1.20216973813,89043,78627,1.13247357778,86357,78627,1.09831228458,128000,478.784070015
split-files/10B.txt75, 129902,76693,1.69379213227,126423,76693,1.64842945249,92065,76693,1.20043550259,87403,76693,1.13964768623,83013,76693,1.08240647778,128000,537.477071047
split-files/10B.txt76, 133585,78825,1.69470345703,127317,78825,1.61518553758,94321,78825,1.1965873771,90609,78825,1.14949571836,85005,78825,1.07840152236,128000,462.806488037
split-files/10B.txt77, 130520,76984,1.69541722955,127544,76984,1.6567598462,92256,76984,1.19837888392,88444,76984,1.14886210122,83524,76984,1.08495271745,128000,466.72133708
split-files/10B.txt78, 131183,77274,1.6976343919,128982,77274,1.66915133163,93546,77274,1.21057535523,88782,77274,1.14892460595,84414,77274,1.09239847814,128000,467.520102024
split-files/10B.txt79, 134900,78757,1.71286361847,127993,78757,1.62516347753,94817,78757,1.20391838186,90361,78757,1.14733928413,86297,78757,1.09573752174,128000,475.659853935
split-files/10B.txt80, 131549,77691,1.69323345046,127735,77691,1.64414153506,93367,77691,1.20177369322,88371,77691,1.13746766035,84151,77691,1.0831499144,128000,477.059132099
split-files/10B.txt81, 131809,77916,1.69168078443,125586,77916,1.61181272139,93812,77916,1.2040145798,89460,77916,1.14815955645,85056,77916,1.0916371477,128000,470.083217144
split-files/10B.txt82, 134489,78712,1.70862130298,128698,78712,1.63504929363,95000,78712,1.20693159874,90400,78712,1.14849070027,85772,78712,1.0896940746,128000,499.955554008
split-files/10B.txt83, 129563,76337,1.69725035042,126557,76337,1.65787232928,91177,76337,1.1944011423,87281,76337,1.14336429254,83817,76337,1.0979865596,128000,490.872545004
split-files/10B.txt84, 132630,78198,1.69607918361,127806,78198,1.63438962633,94214,78198,1.20481342234,89814,78198,1.14854599862,85218,78198,1.08977211693,128000,536.568183899
split-files/10B.txt85, 132300,77819,1.70009894756,124541,77819,1.60039322016,93331,77819,1.19933435279,88547,77819,1.13785836364,84899,77819,1.09098035184,128000,497.748595953
split-files/10B.txt86, 131820,77615,1.69838304451,130253,77615,1.67819364814,93511,77615,1.20480577208,88919,77615,1.14564195065,84335,77615,1.08658120209,128000,502.116001129
split-files/10B.txt87, 133248,78616,1.69492215325,126780,78616,1.61264882467,94696,78616,1.20453851633,89380,78616,1.1369186934,85216,78616,1.08395237611,128000,512.171842098
split-files/10B.txt88, 131448,77422,1.69781199142,128734,77422,1.66275735579,93318,77422,1.20531631836,88174,77422,1.1388752551,84162,77422,1.08705535894,128000,518.937714815
split-files/10B.txt89, 135374,79075,1.71196964907,125987,79075,1.59325956371,95467,79075,1.20729687006,89899,79075,1.13688270629,85775,79075,1.08472968701,128000,514.973082066
split-files/10B.txt9000, 129893,75993,1.70927585436,127347,75993,1.67577276854,91945,75993,1.20991407103,86865,75993,1.14306580869,83143,75993,1.09408761333,128000,497.846705198
split-files/10B.txt9001, 132757,77762,1.70722203647,129772,77762,1.66883567809,93442,77762,1.2016409043,88502,77762,1.13811373164,85232,77762,1.09606234408,128000,511.762825012
split-files/10B.txt9002, 134004,78953,1.69726292858,125207,78953,1.58584220992,94993,78953,1.20315884134,89957,78953,1.13937405798,86953,78953,1.1013261054,128000,568.431555033
split-files/10B.txt9003, 132092,77711,1.69978510121,129573,77711,1.66737012778,93719,77711,1.20599400342,88955,77711,1.14468994094,84311,77711,1.08493006138,128000,518.179974079
split-files/10B.txt9004, 132316,77702,1.70286479113,125854,77702,1.6197009086,95030,77702,1.22300584284,88874,77702,1.14378008288,84842,77702,1.09188952665,128000,484.939191103
split-files/10B.txt9005, 132774,77680,1.7092430484,127212,77680,1.63764160659,93472,77680,1.20329557158,89056,77680,1.14644696189,84480,77680,1.08753861998,128000,542.214299202
split-files/10B.txt9006, 133110,78316,1.69965268911,125544,78316,1.60304407784,93468,78316,1.19347259819,90016,78316,1.14939475969,85536,78316,1.09219061239,128000,509.496485949
split-files/10B.txt9007, 131360,77304,1.69926523854,127118,77304,1.64439097589,93148,77304,1.20495705268,88590,77304,1.1459950326,84364,77304,1.09132774501,128000,561.54547596
split-files/10B.txt9008, 133144,77986,1.70728079399,131948,77986,1.69194470802,93406,77986,1.1977277973,88996,77986,1.14117918601,84926,77986,1.0889903316,128000,564.32627511
split-files/10B.txt9009, 131702,77512,1.69911755599,124908,77512,1.61146661162,93560,77512,1.2070389101,88312,77512,1.13933326453,84152,77512,1.08566415523,128000,516.994889021
split-files/10B.txt9010, 132540,77420,1.71196073366,127780,77420,1.65047791268,93236,77420,1.2042882976,88676,77420,1.14538878843,84400,77420,1.09015758202,128000,503.638626099
split-files/10B.txt9011, 134356,78790,1.70524178195,125734,78790,1.59581165122,94902,78790,1.20449295596,89782,78790,1.13951009011,86010,78790,1.09163599442,128000,528.080208063
split-files/10B.txt9012, 131078,76846,1.70572313458,125890,76846,1.63821148791,92350,76846,1.20175415767,87598,76846,1.13991619603,84046,76846,1.09369388127,128000,500.75481391
split-files/10B.txt9013, 133751,78655,1.70047676562,128311,78655,1.63131396605,94911,78655,1.20667471871,89467,78655,1.13746106414,85175,78655,1.08289364948,128000,512.571231127
split-files/10B.txt9014, 130617,76762,1.70158411714,131290,76762,1.71035147599,92646,76762,1.20692530158,87892,76762,1.14499361663,83702,76762,1.09040931711,128000,537.160143137
split-files/10B.txt9015, 133534,78469,1.70174208923,125309,78469,1.59692362589,95209,78469,1.21333265366,89635,78469,1.14229823242,85429,78469,1.0886974474,128000,528.602847099
split-files/10B.txt9016, 134262,78170,1.71756428297,126854,78170,1.62279646923,94346,78170,1.20693360624,90626,78170,1.15934501727,85050,78170,1.08801330434,128000,574.31230998
split-files/10B.txt9017, 132985,77983,1.70530756703,127679,77983,1.63726709667,93807,77983,1.20291602016,89431,77983,1.14680122591,85003,77983,1.09001961966,128000,529.822400093
split-files/10B.txt9018, 131455,77292,1.70075816385,130464,77292,1.6879366558,92980,77292,1.20297055323,88452,77292,1.14438751747,84892,77292,1.09832841691,128000,591.376467943
split-files/10B.txt9019, 133756,78601,1.70170862966,125965,78601,1.60258775334,94825,78601,1.20640958766,90073,78601,1.14595234157,85041,78601,1.08193279984,128000,526.789128065
split-files/10B.txt9020, 130274,76672,1.69910788815,128144,76672,1.67132721202,92472,76672,1.20607262104,87316,76672,1.13882512521,83732,76672,1.09208055092,128000,564.812183857
split-files/10B.txt9021, 134153,78477,1.70945627381,132055,78477,1.68272232629,95025,78477,1.21086432968,89823,78477,1.1445773921,85357,78477,1.08766899856,128000,553.06496501
split-files/10B.txt9022, 132660,77449,1.71286911387,126021,77449,1.62714818784,93293,77449,1.20457333213,89161,77449,1.15122209454,83719,77449,1.08095650041,128000,578.74148488
split-files/10B.txt9023, 131633,76445,1.72193079992,125087,76445,1.63630060828,91813,76445,1.20103342272,87887,76445,1.14967623782,83035,76445,1.08620576885,128000,559.899484873
split-files/10B.txt9024, 134014,78835,1.69993023403,126213,78835,1.60097672354,95187,78835,1.20742056193,89749,78835,1.13844104776,85855,78835,1.0890467432,128000,579.185288191
split-files/10B.txt9025, 134190,78166,1.71673105954,131912,78166,1.68758795384,94150,78166,1.20448788476,89608,78166,1.14638077937,84986,78166,1.08725021109,128000,572.237883806
split-files/10B.txt9026, 132399,77761,1.70264014094,126929,77761,1.63229639537,93313,77761,1.19999742802,88765,77761,1.14151052584,84561,77761,1.08744743509,128000,538.395725965
split-files/10B.txt9027, 132172,77450,1.70654615881,128282,77450,1.65632020658,93534,77450,1.20766946417,88034,77450,1.13665590704,84310,77450,1.08857327308,128000,569.801636934
split-files/10B.txt9028, 131812,77195,1.70751991709,123901,77195,1.60503918648,92699,77195,1.20084202345,88031,77195,1.14037178574,84005,77195,1.08821814884,128000,549.511064053
split-files/10B.txt9029, 134143,78280,1.71363055697,128674,78280,1.64376596832,94484,78280,1.20700051099,89344,78280,1.14133878385,84770,78280,1.0829075115,128000,568.567149162
split-files/10B.txt9030, 134016,78444,1.70842894294,126484,78444,1.61241140176,94260,78444,1.20162153893,89838,78444,1.14525011473,85614,78444,1.09140278415,128000,593.041908979
split-files/10B.txt9031, 132459,77545,1.70815655426,130633,77545,1.68460893675,93881,77545,1.21066477529,88567,77545,1.14213682378,84635,77545,1.09143078213,128000,554.256801844
split-files/10B.txt9032, 133553,78201,1.70781703559,126833,78201,1.62188463063,93913,78201,1.20091814683,90201,78201,1.15345072314,85381,78201,1.09181468268,128000,576.399052858
split-files/10B.txt9033, 133209,77834,1.71145000899,125338,77834,1.61032453683,93962,77834,1.20721021661,88628,77834,1.13867975435,84864,77834,1.09032042552,128000,569.065968037
split-files/10B.txt9034, 132417,77504,1.70851827002,130800,77504,1.68765483072,92424,77504,1.19250619323,88694,77504,1.14437964492,84554,77504,1.09096304707,128000,564.627696991
split-files/10B.txt9035, 136170,79206,1.71918794031,129866,79206,1.63959801025,95350,79206,1.20382294271,91098,79206,1.1501401409,86206,79206,1.08837714315,128000,567.431502819
split-files/10B.txt9036, 132034,76672,1.72206281302,122984,76672,1.60402754591,92448,76672,1.20575959933,87244,76672,1.1378860601,83092,76672,1.08373330551,128000,570.950562954
split-files/10B.txt9037, 134550,78422,1.71571752824,128698,78422,1.64109561093,94662,78422,1.20708474663,89594,78422,1.14246002397,85322,78422,1.08798551427,128000,596.738204002
split-files/10B.txt9038, 130708,76595,1.70648214635,131027,76595,1.71064690907,92731,76595,1.21066649259,87407,76595,1.14115803904,84075,76595,1.09765650499,128000,582.750995874
split-files/10B.txt9039, 134029,78040,1.71743977447,124356,78040,1.59349051768,94372,78040,1.2092772937,88294,78040,1.13139415684,84920,78040,1.08815991799,128000,604.006695986
split-files/10B.txt9040, 132012,77354,1.70659565116,129010,77354,1.66778705691,93278,77354,1.20585877912,88622,77354,1.14566796804,84554,77354,1.09307857383,128000,667.802526951
split-files/10B.txt9041, 137142,79960,1.71513256628,129886,79960,1.6243871936,96280,79960,1.20410205103,90946,79960,1.13739369685,86720,79960,1.08454227114,128000,670.516258001
split-files/10B.txt9042, 131501,76811,1.71200739477,128717,76811,1.67576258609,92379,76811,1.20267930375,87899,76811,1.14435432425,84291,76811,1.09738188541,128000,615.892193079
split-files/10B.txt9043, 131442,77002,1.70699462352,122046,77002,1.58497181891,92826,77002,1.20550115581,88018,77002,1.14306121919,83922,77002,1.08986779564,128000,551.504116058
split-files/10B.txt9044, 132066,77474,1.7046493017,132422,77474,1.70924439167,92706,77474,1.19660789426,88634,77474,1.14404832589,84054,77474,1.08493171903,128000,575.3977139
split-files/10B.txt9045, 134896,78484,1.71877070486,129380,78484,1.64848886397,94732,78484,1.20702308751,89488,78484,1.14020692116,85404,78484,1.08817083737,128000,600.506402969
split-files/10B.txt9046, 130126,76500,1.70099346405,126344,76500,1.65155555556,91756,76500,1.1994248366,87324,76500,1.14149019608,82800,76500,1.08235294118,128000,567.913374901
split-files/10B.txt9047, 135284,78854,1.71562634743,128456,78854,1.62903593984,94950,78854,1.20412407741,90590,78854,1.14883201867,85884,78854,1.08915210389,128000,589.765647888
split-files/10B.txt9048, 133714,78048,1.71322775728,128272,78048,1.64350143501,93692,78048,1.20044075441,89490,78048,1.14660209102,85748,78048,1.09865723657,128000,617.368407011
split-files/10B.txt9049, 132080,77204,1.71079218693,122978,77204,1.5928967411,92640,77204,1.19993782706,88286,77204,1.1435417854,83894,77204,1.08665354127,128000,568.490634203
split-files/10B.txt9050, 136290,79518,1.71395155814,128720,79518,1.61875298675,96186,79518,1.20961291783,90690,79518,1.14049649136,86548,79518,1.08840765613,128000,619.48982501
split-files/10B.txt9051, 130122,75706,1.7187805458,129536,75706,1.71104007608,91094,75706,1.20325997939,86842,75706,1.14709534251,82616,75706,1.09127413943,128000,607.144060135
split-files/10B.txt9052, 136320,79424,1.71635777599,131396,79424,1.6543614021,95888,79424,1.20729250604,90872,79424,1.1441377921,87244,79424,1.09845890411,128000,622.028659105
split-files/10B.txt9053, 130725,76206,1.71541610897,127270,76206,1.67007847151,91194,76206,1.19667742697,87156,76206,1.14368947327,83706,76206,1.09841744745,128000,596.558527946
split-files/10B.txt9054, 136367,79452,1.71634445955,127746,79452,1.60783869506,95044,79452,1.19624427327,91098,79452,1.14657906661,87062,79452,1.09578110054,128000,613.217206001
split-files/10B.txt9055, 129464,75334,1.71853346431,124180,75334,1.6483924921,90546,75334,1.20192741657,86338,75334,1.14606950381,82984,75334,1.10154777391,128000,580.556007147
split-files/10B.txt9056, 135913,79012,1.72015643193,129472,79012,1.63863716904,94848,79012,1.20042525186,91258,79012,1.15498911558,86172,79012,1.09061914646,128000,667.24338603
split-files/10B.txt9057, 135619,79208,1.71218816281,131338,79208,1.65814059186,95440,79208,1.20492879507,90050,79208,1.13688011312,86908,79208,1.09721240279,128000,665.006459951
split-files/10B.txt9058, 132020,76814,1.71869711251,127724,76814,1.66276980759,92162,76814,1.19980732679,88082,76814,1.14669200927,83794,76814,1.09086885203,128000,620.698254108
split-files/10B.txt9059, 134036,78407,1.70949022409,125285,78407,1.5978802913,94795,78407,1.20901195046,89435,78407,1.14065070721,85897,78407,1.09552718507,128000,605.280244827
split-files/10B.txt9060, 131806,76995,1.71187739464,130701,76995,1.69752581336,92335,76995,1.19923371648,87939,76995,1.14213909994,84465,76995,1.09701928697,128000,640.504063845
split-files/10B.txt9061, 135752,79476,1.70808797624,130584,79476,1.64306205647,95092,79476,1.19648698978,90936,79476,1.1441944738,86556,79476,1.0890834969,128000,618.415562868
split-files/10B.txt9062, 128331,74929,1.71270135728,121153,74929,1.61690400246,89721,74929,1.1974135515,84949,74929,1.13372659451,81329,74929,1.0854141921,128000,593.138980865
split-files/10B.txt9063, 137045,79882,1.71559299967,132542,79882,1.65922235297,96130,79882,1.20340001502,91522,79882,1.14571492952,86832,79882,1.08700332991,128000,746.705155134
split-files/10B.txt9064, 133500,77664,1.71894313968,125622,77664,1.61750618047,93732,77664,1.20689122373,88788,77664,1.14323238566,85004,77664,1.09450968274,128000,607.726324081
split-files/10B.txt9065, 133354,77323,1.72463561941,128993,77323,1.66823584186,93079,77323,1.20376860701,88015,77323,1.13827709737,83473,77323,1.07953648979,128000,658.3785882
split-files/10B.txt9066, 136132,78432,1.73566911465,126112,78432,1.60791513668,95024,78432,1.21154630763,89460,78432,1.14060587515,85292,78432,1.08746430029,128000,616.428589106
split-files/10B.txt9067, 130626,76307,1.71184819217,128135,76307,1.67920374278,91435,76307,1.19825179866,87011,76307,1.14027546621,82847,76307,1.08570642274,128000,639.359222174
split-files/10B.txt9068, 134698,78637,1.71290868166,130245,78637,1.65628139425,94169,78637,1.19751516462,90025,78637,1.14481732518,85387,78637,1.08583745565,128000,658.731321812
split-files/10B.txt9069, 132526,77432,1.71151461928,126436,77432,1.63286496539,93372,77432,1.20585804319,88472,77432,1.14257671247,84302,77432,1.08872300858,128000,689.037172079
split-files/10B.txt9070, 133599,78133,1.70989210705,128829,78133,1.64884235854,93909,78133,1.2019121242,89785,78133,1.14913032905,85873,78133,1.09906185607,128000,658.019189835
split-files/10B.txt9071, 135003,78519,1.7193672869,124931,78519,1.59109260179,94791,78519,1.20723646506,89919,78519,1.14518778894,85459,78519,1.08838625046,128000,678.933099985
split-files/10B.txt9072, 132224,77253,1.71157107167,132149,77253,1.71060023559,93461,77253,1.20980415,88461,77253,1.1450817444,84363,77253,1.09203526077,128000,661.09282589
split-files/10B.txt9073, 136164,79001,1.72357311933,128625,79001,1.62814394754,95209,79001,1.20516195998,90509,79001,1.14566904216,86271,79001,1.09202415159,128000,673.542612076
split-files/10B.txt9074, 130838,76004,1.72146202831,127316,76004,1.67512236198,90900,76004,1.19598968475,86408,76004,1.13688753224,83044,76004,1.09262670386,128000,641.486588001
split-files/10B.txt9075, 132401,77058,1.71819927847,121474,77058,1.57639699966,92990,77058,1.20675335462,88362,77058,1.1466946975,83968,77058,1.08967271406,128000,611.650492907
split-files/10B.txt9076, 136479,79278,1.72152425641,132930,79278,1.67675773859,95242,79278,1.20136734025,90558,79278,1.14228411413,86888,79278,1.09599132168,128000,715.846199036
split-files/10B.txt9077, 134906,78518,1.71815379913,127246,78518,1.62059655111,94950,78518,1.20927685372,89942,78518,1.14549530044,85478,78518,1.08864209481,128000,669.291880131
split-files/10B.txt9078, 134306,77626,1.73016772731,126730,77626,1.63257156107,93378,77626,1.20292170149,89182,77626,1.14886764744,84766,77626,1.09197949141,128000,639.999888897
split-files/10B.txt9079, 130324,76022,1.71429323091,133878,76022,1.76104285602,91598,76022,1.20488805872,87110,76022,1.14585251638,82842,76022,1.08971087317,128000,646.602542162
split-files/10B.txt9080, 136523,79405,1.71932497954,126885,79405,1.59794723254,95549,79405,1.203312134,90751,79405,1.14288772747,86885,79405,1.09420061709,128000,667.577833891
split-files/10B.txt9081, 136307,78997,1.72547058749,128657,78997,1.62863146702,94597,78997,1.19747585351,89755,78997,1.13618238667,86297,78997,1.09240857248,128000,671.902756214
split-files/10B.txt9082, 130476,76130,1.71385787469,122270,76130,1.60606856692,91674,76130,1.20417706555,86882,76130,1.14123210298,83070,76130,1.09115985814,128000,642.786094904
split-files/10B.txt9083, 135863,78171,1.73802305203,128595,78171,1.64504739609,94059,78171,1.20324672833,88911,78171,1.13739110412,85891,78171,1.09875785138,128000,666.891232967
split-files/10B.txt9084, 132527,77183,1.71704909112,135235,77183,1.7521345374,92943,77183,1.20419004185,88211,77183,1.14288120441,83303,77183,1.07929207209,128000,748.885488987
split-files/10B.txt9085, 134821,78455,1.71845006692,127751,78455,1.62833471417,94183,78455,1.20047160793,89327,78455,1.1385762539,85945,78455,1.09546874004,128000,687.030498028
split-files/10B.txt9086, 133713,77839,1.71781497707,126603,77839,1.62647259086,93583,77839,1.20226364676,89383,77839,1.14830611904,85389,77839,1.09699507959,128000,681.662028074
split-files/10B.txt9087, 128865,75199,1.71365310709,123299,75199,1.63963616537,90127,75199,1.1985132781,85801,75199,1.14098591737,82279,75199,1.09415018817,128000,642.744285107
split-files/10B.txt9088, 140170,81504,1.7197928936,135440,81504,1.66175893208,98720,81504,1.21122889674,93198,81504,1.14347762073,88464,81504,1.08539458186,128000,748.74930191
split-files/10B.txt9089, 131785,76563,1.72126222849,126707,76563,1.65493776367,91843,76563,1.19957420686,88023,76563,1.14968065515,82883,76563,1.0825463997,128000,704.365437984
split-files/10B.txt9090, 136270,78783,1.72968787683,131125,78783,1.6643819098,94463,78783,1.19902770902,89823,78783,1.14013175431,86183,78783,1.09392889329,128000,758.868878126
split-files/10B.txt9091, 133271,77364,1.72264877721,120904,77364,1.56279406442,92624,77364,1.19724936663,88182,77364,1.13983248022,83864,77364,1.08401840649,128000,663.907811165
split-files/10B.txt9092, 131837,76729,1.71821605912,127871,76729,1.66652764926,92077,76729,1.20002867234,87811,76729,1.14443039789,83369,76729,1.08653833622,128000,677.630663872
split-files/10B.txt9093, 135320,78670,1.72009660608,132254,78670,1.6811236812,94470,78670,1.2008389475,89674,78670,1.13987542901,86210,78670,1.09584339647,128000,715.917714834
split-files/10B.txt9094, 133662,77198,1.73141791238,130302,77198,1.68789346874,92494,77198,1.19813984818,87782,77198,1.13710199746,83378,77198,1.08005388741,128000,689.000738144
split-files/10B.txt9095, 134450,78230,1.71865013422,127490,78230,1.62968170778,93910,78230,1.20043461588,89138,78230,1.13943499936,86030,78230,1.09970599514,128000,708.029663086
split-files/10B.txt9096, 134362,78188,1.71844784366,129896,78188,1.66132910421,93588,78188,1.19696117051,89216,78188,1.14104466158,84788,78188,1.08441193022,128000,699.433637857
split-files/10B.txt9097, 133083,77041,1.72743084851,127393,77041,1.65357407095,92617,77041,1.20217806103,87973,77041,1.14189846965,83161,77041,1.07943822121,128000,673.86370492
split-files/10B.txt9098, 135718,78733,1.72377529117,130915,78733,1.66277164594,94117,78733,1.19539456137,90499,78733,1.14944178426,85653,78733,1.08789198938,128000,705.754254103
split-files/10B.txt9099, 133096,76949,1.72966510286,122071,76949,1.58638838711,92669,76949,1.20429115388,87899,76949,1.14230204421,84389,76949,1.09668741634,128000,702.693127871
split-files/10B.txt9100, 131107,76093,1.72298371729,128941,76093,1.69451854967,91845,76093,1.20700984322,87901,76093,1.15517853153,82953,76093,1.09015283929,128000,708.294068098
split-files/10B.txt9101, 137308,79630,1.72432500314,126824,79630,1.59266608062,95394,79630,1.19796559086,90760,79630,1.13977144292,87190,79630,1.09493909331,128000,739.055407047
split-files/10B.txt9102, 132908,77325,1.71882314905,138891,77325,1.79619786615,93025,77325,1.20303912059,88863,77325,1.149214355,84065,77325,1.08716456515,128000,727.916919947
split-files/10B.txt9103, 137112,79071,1.73403649884,124267,79071,1.57158756055,95311,79071,1.2053850337,90387,79071,1.14311188679,86511,79071,1.09409265091,128000,709.015352964
split-files/10B.txt9104, 133751,77533,1.7250848026,127491,77533,1.64434498859,93221,77533,1.20233964892,88309,77533,1.13898598016,84313,77533,1.08744663563,128000,724.29230094
split-files/10B.txt9105, 130295,76003,1.71434022341,129685,76003,1.70631422444,91203,76003,1.19999210557,86815,76003,1.14225754247,82403,76003,1.08420720235,128000,774.63477397
split-files/10B.txt9106, 136685,78959,1.73108828633,126159,78959,1.59777859395,95023,78959,1.20344735876,90323,78959,1.14392279537,85979,78959,1.08890690105,128000,718.286841154
split-files/10B.txt9107, 137434,79700,1.72439146801,131626,79700,1.65151819322,96028,79700,1.20486825596,90884,79700,1.14032622334,86630,79700,1.0869510665,128000,799.802698135
split-files/10B.txt9108, 130213,76086,1.71139237179,126530,76086,1.6629866204,91842,76086,1.20708146045,86574,76086,1.13784401861,82896,76086,1.08950398234,128000,724.798801899
split-files/10B.txt9109, 133818,77879,1.71828092297,128745,77879,1.65314141168,93011,77879,1.1943014163,88451,77879,1.1357490466,84799,77879,1.08885578911,128000,743.802659988
split-files/10B.txt9110, 135606,78520,1.72702496179,124352,78520,1.58369842078,94600,78520,1.20478858889,90184,78520,1.1485481406,85400,78520,1.08762098828,128000,750.927019119
split-files/10B.txt9111, 131270,76444,1.71720475119,143248,76444,1.87389461567,91604,76444,1.19831510648,87028,76444,1.13845429334,82904,76444,1.08450630527,128000,700.21863699
split-files/10B.txt9112, 138562,79998,1.73206830171,126754,79998,1.58446461162,95758,79998,1.19700492512,91230,79998,1.14040351009,86978,79998,1.0872521813,128000,736.59856391
split-files/10B.txt9113, 128622,74943,1.71626436091,122599,74943,1.63589661476,89935,74943,1.20004536781,85731,74943,1.14394940155,81863,74943,1.09233684267,128000,707.652158976
split-files/10B.txt9114, 135378,79057,1.71241003327,129437,79057,1.63726172255,94745,79057,1.1984391009,90121,79057,1.13994965658,85857,79057,1.08601388871,128000,722.770330906
split-files/10B.txt9115, 135911,78777,1.7252624497,132337,78777,1.67989387765,94561,78777,1.20036305013,90105,78777,1.14379831677,85657,78777,1.08733513589,128000,704.56832695
split-files/10B.txt9116, 130503,75961,1.71802635563,126853,75961,1.6699753821,91313,75961,1.20210371111,87289,75961,1.14912915838,82761,75961,1.08951962191,128000,683.974052191
split-files/10B.txt9117, 137896,79728,1.72958057395,131244,79728,1.64614689946,95512,79728,1.19797310857,91524,79728,1.14795304034,87708,79728,1.10009030704,128000,758.668771029
split-files/10B.txt9118, 134130,77710,1.72603268563,125090,77710,1.60970274096,94038,77710,1.21011452837,89170,77710,1.14747136791,84250,77710,1.08415905289,128000,757.580559015
split-files/10B.txt9119, 132465,75873,1.74587798031,133301,75873,1.75689639266,90913,75873,1.19822598289,86601,75873,1.14139417184,82753,75873,1.09067784324,128000,728.496754169
split-files/10B.txt9120, 138946,80089,1.73489492939,125949,80089,1.57261296807,96409,80089,1.2037733022,92101,80089,1.14998314375,87109,80089,1.08765248661,128000,779.02106905
split-files/10B.txt9121, 132545,76846,1.72481326289,124748,76846,1.6233505973,93130,76846,1.21190432814,87826,76846,1.14288316894,83686,76846,1.08900918721,128000,726.508800983
split-files/10B.txt9122, 132403,76828,1.72336908419,131130,76828,1.70679960431,92296,76828,1.2013328474,87610,76828,1.14033945957,83668,76828,1.08903004113,128000,748.087746143
split-files/10B.txt9123, 133400,77433,1.72277969341,123765,77433,1.59834954089,93053,77433,1.20172277969,88719,77433,1.14575181124,84593,77433,1.09246703602,128000,698.756984949
split-files/10B.txt9124, 139229,80461,1.73039112116,135237,80461,1.68077702241,97313,80461,1.20944308423,91525,80461,1.13750761238,87601,80461,1.08873864357,128000,779.54102397
split-files/10B.txt9125, 129298,75293,1.71726455315,123609,75293,1.64170640033,90309,75293,1.19943421035,85949,75293,1.14152710079,82333,75293,1.09350138791,128000,689.199022055
split-files/10B.txt9126, 136316,79223,1.72066192899,130351,79223,1.64536813804,95351,79223,1.20357724398,90539,79223,1.14283730735,86803,79223,1.09567928506,128000,720.351444006
split-files/10B.txt9127, 134134,77663,1.72712874857,122785,77663,1.58099738614,93703,77663,1.20653335565,89015,77663,1.14616999086,84943,77663,1.09373833099,128000,724.271726847
split-files/10B.txt9128, 129782,75417,1.72085869234,136591,75417,1.81114337616,90433,75417,1.19910630229,85869,75417,1.1385894427,82177,75417,1.08963496294,128000,768.029575109
split-files/10B.txt9129, 139477,80426,1.7342277373,128006,80426,1.59159973143,96902,80426,1.20485912516,92228,80426,1.14674359038,88806,80426,1.10419516077,128000,818.848561049
split-files/10B.txt9130, 133517,77444,1.7240457621,130502,77444,1.68511440525,92544,77444,1.19497959816,88964,77444,1.14875264707,84304,77444,1.08858013532,128000,761.561949968
split-files/10B.txt9131, 135420,77851,1.73947669266,127383,77851,1.63624102452,93671,77851,1.20320869353,89023,77851,1.14350490039,85041,77851,1.09235591065,128000,759.902390003
split-files/10B.txt9132, 134357,77887,1.72502471529,125553,77887,1.61198916379,94243,77887,1.20999653344,88795,77887,1.14004904541,85087,77887,1.09244161413,128000,754.957423925
split-files/10B.txt9133, 131877,76452,1.72496468372,130608,76452,1.70836603359,91692,76452,1.19934076283,87330,76452,1.14228535552,83062,76452,1.08645947784,128000,791.074649811
split-files/10B.txt9134, 134695,78143,1.72369885978,123463,78143,1.57996237667,94079,78143,1.20393381365,89315,78143,1.14296866002,85103,78143,1.08906747885,128000,757.64288187
split-files/10B.txt9135, 135663,78901,1.71940786555,133873,78901,1.69672120759,94805,78901,1.20156905489,90061,78901,1.14144307423,85801,78901,1.0874513631,128000,770.2543962
split-files/10B.txt9136, 131463,76297,1.72304284572,128689,76297,1.68668492863,91753,76297,1.20257677235,86341,76297,1.13164344601,83377,76297,1.09279526063,128000,718.210086107
split-files/10B.txt9137, 135409,78247,1.73053279998,128267,78247,1.63925773512,94247,78247,1.20448068297,89563,78247,1.14461896303,85307,78247,1.09022710136,128000,811.578470945
split-files/10B.txt9138, 135106,78396,1.72337874381,126556,78396,1.61431705699,94196,78396,1.20154089494,89964,78396,1.14755854891,85576,78396,1.09158630542,128000,800.562248945
split-files/10B.txt9139, 132760,76736,1.73008757298,127500,76736,1.66154086739,92168,76736,1.20110508757,87560,76736,1.14105504587,83376,76736,1.08653044204,128000,746.519917965
split-files/10B.txt9140, 138250,79250,1.74447949527,129978,79250,1.64010094637,95154,79250,1.20068138801,89906,79250,1.13446056782,86590,79250,1.09261829653,128000,775.856112003
split-files/10B.txt9141, 135814,78670,1.72637600102,122766,78670,1.56051862209,95182,78670,1.20988941147,90502,78670,1.15040040676,85870,78670,1.0915215457,128000,795.790060043
split-files/10B.txt9142, 132974,76797,1.73149992838,132117,76797,1.72034063831,92237,76797,1.20104952016,87597,76797,1.14063049338,84097,76797,1.09505579645,128000,734.463037014
split-files/10B.txt9143, 133268,77331,1.72334510093,126627,77331,1.6374675098,92939,77331,1.20183367602,88071,77331,1.1388835008,84691,77331,1.09517528546,128000,800.961020947
split-files/10B.txt9144, 137564,79435,1.7317807012,131967,79435,1.66132057657,96099,79435,1.20978158243,90391,79435,1.13792408888,86115,79435,1.08409391326,128000,816.123695135
split-files/10B.txt9145, 129360,75319,1.7174949216,128519,75319,1.70632908031,90823,75319,1.20584447483,86035,75319,1.14227485761,81839,75319,1.08656514293,128000,744.838351011
split-files/10B.txt9146, 135770,78626,1.72678248925,129430,78626,1.64614758477,94698,78626,1.20441075471,90542,78626,1.15155292143,85866,78626,1.09208149976,128000,767.171332121
split-files/10B.txt9147, 134729,78162,1.72371484865,124876,78162,1.59765615005,94238,78162,1.20567539213,89472,78162,1.14469947033,85792,78162,1.09761776822,128000,790.998100996
split-files/10B.txt9148, 134248,76958,1.74443202786,130144,76958,1.69110423868,92318,76958,1.19958938642,87644,76958,1.13885495985,83798,76958,1.08887964864,128000,865.684139967
split-files/10B.txt9149, 135178,78162,1.72945932806,128038,78162,1.63811059082,94774,78162,1.2125329444,89196,78162,1.14116834267,85772,78162,1.09736188941,128000,888.409173965
split-files/10B.txt9150, 135912,78824,1.72424642241,133122,78824,1.68885111134,94616,78824,1.20034507257,90572,78824,1.14904090125,86534,78824,1.09781284888,128000,838.350129128
split-files/10B.txt9151, 137841,79338,1.73738939726,124224,79338,1.56575663616,95958,79338,1.20948347576,90258,79338,1.13763896241,86988,79338,1.09642289949,128000,820.659353971
split-files/10B.txt9152, 128718,74660,1.72405571926,127688,74660,1.71025984463,89696,74660,1.20139298152,85502,74660,1.14521832306,81160,74660,1.08706134476,128000,757.833570004
split-files/10B.txt9153, 135647,78809,1.72121204431,127601,78809,1.61911710591,94809,78809,1.20302249743,90209,78809,1.14465352942,86149,78809,1.0931365707,128000,784.795842171
split-files/10B.txt9154, 134763,77933,1.72921612154,125769,77933,1.61380929773,93653,77933,1.20171172674,89741,77933,1.15151476268,84853,77933,1.08879422068,128000,821.102512836
split-files/10B.txt9155, 135151,77981,1.73312730024,131321,77981,1.68401277234,94565,77981,1.21266718816,88757,77981,1.13818750721,84461,77981,1.08309716469,128000,884.592898846
split-files/10B.txt9156, 136317,78343,1.74000229759,134123,78343,1.71199724289,94271,78343,1.20331108076,89167,78343,1.13816167367,85543,78343,1.09190355233,128000,898.175308943
split-files/10B.txt9157, 132432,77103,1.71759853702,122113,77103,1.58376457466,93007,77103,1.20626953556,87915,77103,1.14022800669,83703,77103,1.08559978211,128000,786.537875891
split-files/10B.txt9158, 130484,75694,1.7238354427,129026,75694,1.70457367823,90958,75694,1.20165402806,86098,75694,1.13744814648,82524,75694,1.09023172246,128000,807.154222965
split-files/10B.txt9159, 138016,79652,1.73273740772,129180,79652,1.6218048511,95820,79652,1.20298297595,90548,79652,1.1367950585,87432,79652,1.09767488575,128000,806.054942131
split-files/10B.txt9160, 135518,78570,1.72480590556,126808,78570,1.61394934453,94434,78570,1.20190912562,89466,78570,1.13867888507,86020,78570,1.09481990582,128000,829.335397959
split-files/10B.txt9161, 134613,77119,1.74552315253,130913,77119,1.69754535199,92531,77119,1.19984698972,88123,77119,1.14268857221,83579,77119,1.08376664635,128000,796.206364155
split-files/10B.txt9162, 135243,77722,1.74008646201,124036,77722,1.59589305473,94118,77722,1.21095700059,89182,77722,1.14744859885,83942,77722,1.08002882067,128000,781.899386168
split-files/10B.txt9163, 136025,78653,1.72943180807,125721,78653,1.59842599774,94821,78653,1.20556113562,89765,78653,1.14127878148,85833,78653,1.09128704563,128000,892.412642002
split-files/10B.txt9164, 131811,76081,1.73250877354,137437,76081,1.80645627686,91537,76081,1.20315190389,86833,76081,1.14132306358,82881,76081,1.08937842563,128000,857.900421858
split-files/10B.txt9165, 137305,79141,1.73494143364,126897,79141,1.60342932235,95349,79141,1.20479902958,90169,79141,1.13934623015,85821,79141,1.08440631278,128000,863.703245878
split-files/10B.txt9166, 135345,78311,1.72830126036,130643,78311,1.6682586099,94511,78311,1.20686748988,89867,78311,1.14756547611,85511,78311,1.09194110661,128000,806.744174004
split-files/10B.txt9167, 133390,76899,1.73461293385,128163,76899,1.66664065853,92739,76899,1.20598447314,87639,76899,1.13966371474,84339,76899,1.09675028284,128000,833.15002799
split-files/10B.txt9168, 135138,78351,1.7247769652,124387,78351,1.58756110324,94671,78351,1.20829344871,90291,78351,1.15239116284,85291,78351,1.08857576802,128000,902.370300055
split-files/10B.txt9169, 134126,77813,1.72369655456,125749,77813,1.61604102142,93077,77813,1.19616259494,88613,77813,1.13879428887,84853,77813,1.09047331423,128000,798.110481024
split-files/10B.txt9170, 134598,78236,1.72041004141,128316,78236,1.64011452528,94452,78236,1.20727031034,90050,78236,1.15100465259,85736,78236,1.09586379672,128000,837.446895123
split-files/10B.txt9171, 132520,76773,1.72612767509,139641,76773,1.81888163808,92325,76773,1.20257121644,87543,76773,1.14028369349,83613,76773,1.08909382205,128000,870.285658836
split-files/10B.txt9172, 135672,78328,1.732100909,123028,78328,1.57067715249,94160,78328,1.20212439996,89236,78328,1.1392605454,85308,78328,1.08911245021,128000,833.93351388
split-files/10B.txt9173, 135046,77538,1.74167504965,126566,77538,1.6323093193,93682,77538,1.20820758854,88878,77538,1.14625087054,84118,77538,1.08486161624,128000,896.924014091
split-files/10B.txt9174, 131215,75876,1.72933470399,130550,75876,1.72057040434,91396,75876,1.20454425642,86442,75876,1.1392535189,82806,75876,1.0913332279,128000,774.292066097
split-files/10B.txt9175, 136508,78574,1.73731768778,130400,78574,1.65958205004,95350,78574,1.21350573981,90196,78574,1.1479115229,86074,78574,1.09545142159,128000,910.945787907
split-files/10B.txt9176, 138726,79727,1.74001279366,131791,79727,1.65302845962,96159,79727,1.20610332761,91499,79727,1.14765386883,87397,79727,1.09620329374,128000,886.080837965
split-files/10B.txt9177, 133311,76681,1.73851410388,129213,76681,1.68507192134,92497,76681,1.20625709107,87673,76681,1.14334711337,83381,76681,1.08737496903,128000,822.119596958
split-files/10B.txt9178, 137127,79281,1.72963257275,126777,79281,1.59908426988,95745,79281,1.20766640179,90705,79281,1.1440950543,87041,79281,1.09787969375,128000,939.813508987
split-files/10B.txt9179, 134395,77685,1.72999935638,125977,77685,1.62163866898,93845,77685,1.2080195662,88725,77685,1.14211237691,84565,77685,1.08856278561,128000,872.976742029
split-files/10B.txt9180, 129919,75651,1.71734676343,127443,75651,1.68461751993,90671,75651,1.19854331073,86595,75651,1.14466431376,82011,75651,1.08407027006,128000,781.865967989
split-files/10B.txt9181, 138161,79617,1.73532034616,130269,79617,1.63619578733,96269,79617,1.20915131191,90585,79617,1.13775952372,86697,79617,1.08892573194,128000,888.666450024
split-files/10B.txt9182, 135327,78388,1.72637393479,131542,78388,1.67808848293,95268,78388,1.21533908251,90304,78388,1.15201306322,85508,78388,1.09083022912,128000,850.219982862
split-files/10B.txt9183, 135689,78334,1.732185258,125176,78334,1.59797788955,94814,78334,1.21038118825,88798,78334,1.13358184186,85934,78334,1.09702045089,128000,898.713840961
split-files/10B.txt9184, 128266,74378,1.72451531367,129702,74378,1.74382209793,89962,74378,1.20952432171,85298,74378,1.14681760736,80778,74378,1.08604694937,128000,836.175431013
split-files/10B.txt9185, 139478,79459,1.75534552411,125909,79459,1.58457821015,95439,79459,1.20111000642,91201,79459,1.14777432387,87039,79459,1.09539510943,128000,823.633816004
split-files/10B.txt9186, 136486,78930,1.72920309135,135970,78930,1.72266565311,94634,78930,1.19896110478,90012,78930,1.14040288864,86380,78930,1.0943874319,128000,876.871386051
split-files/10B.txt9187, 133821,76918,1.739787826,133872,76918,1.74045086976,92882,76918,1.20754569802,87502,76918,1.13760108167,83308,76918,1.08307548298,128000,837.793745995
split-files/10B.txt9188, 135007,77857,1.73403804411,124473,77857,1.59873871328,93881,77857,1.20581322168,88585,77857,1.13779107852,84837,77857,1.08965154065,128000,917.369297981
split-files/10B.txt9189, 136366,78713,1.73244572053,127217,78713,1.61621333198,95145,78713,1.20875840077,90329,78713,1.14757409831,86173,78713,1.09477468779,128000,889.678330183
split-files/10B.txt9190, 130990,75761,1.72898984966,127949,75761,1.68885046396,91257,75761,1.20453795488,86897,75761,1.14698855612,81981,75761,1.08210028907,128000,843.354142189
split-files/10B.txt9191, 134439,78033,1.72284802584,129049,78033,1.65377468507,94193,78033,1.20709187139,89565,78033,1.14778363,85653,78033,1.09765099381,128000,880.01332593
split-files/10B.txt9192, 134791,78131,1.72519230523,121895,78131,1.56013618154,93291,78131,1.19403309826,89567,78131,1.14636955882,85031,78131,1.08831321754,128000,794.717609167
split-files/10B.txt9193, 138002,79350,1.73915563957,131338,79350,1.65517328292,95542,79350,1.20405797101,90546,79350,1.14109640832,86450,79350,1.08947700063,128000,899.267256021
split-files/10B.txt9194, 132661,76118,1.74283349536,133050,76118,1.74794398171,91690,76118,1.20457710397,86930,76118,1.14204261804,83738,76118,1.10010772748,128000,855.006153107
split-files/10B.txt9195, 137549,79602,1.72795909651,132610,79602,1.66591291676,95746,79602,1.20280897465,90540,79602,1.13740860782,86612,79602,1.08806311399,128000,866.888988018
split-files/10B.txt9196, 133850,77517,1.72671801024,123965,77517,1.59919759537,93153,77517,1.20171059252,88383,77517,1.14017570339,84527,77517,1.09043177626,128000,842.440160036
split-files/10B.txt9197, 130032,75291,1.72705901104,133251,75291,1.76981312507,90603,75291,1.20337092083,85455,75291,1.13499621469,82211,75291,1.09191005565,128000,889.62491703
split-files/10B.txt9198, 138381,79635,1.73769071388,129797,79635,1.62989891379,96619,79635,1.21327305833,90939,79635,1.14194763609,86775,79635,1.0896590695,128000,1001.27020502
split-files/10B.txt9199, 135609,78343,1.73096511494,127353,78343,1.62558237494,94007,78343,1.19994128384,89215,78343,1.13877436401,85503,78343,1.09139297704,128000,863.861678839
split-files/10B.txt9200, 137237,79150,1.73388502843,131750,79150,1.6645609602,95206,79150,1.20285533797,90676,79150,1.14562223626,86350,79150,1.09096651927,128000,870.655323029
split-files/10B.txt9201, 130923,75740,1.72858463163,121036,75740,1.59804594666,91196,75740,1.20406654344,86246,75740,1.13871138104,82880,75740,1.09426987061,128000,840.842504978
split-files/10B.txt9202, 135214,77895,1.73584954105,132281,77895,1.69819628988,94271,77895,1.21023172219,88959,77895,1.14203735798,85655,77895,1.09962128506,128000,929.346320868
split-files/10B.txt9203, 137149,78977,1.73656887448,127505,78977,1.61445737367,95237,78977,1.20588272535,90977,78977,1.15194297074,86187,78977,1.09129240159,128000,865.998583078
split-files/10B.txt9204, 132795,76716,1.7309948381,132518,76716,1.72738411805,92392,76716,1.20433807811,88008,76716,1.14719224151,83586,76716,1.08955107148,128000,892.872123003
split-files/10B.txt9205, 134885,77441,1.74177761134,129395,77441,1.67088493175,92561,77441,1.19524541264,88673,77441,1.14503944939,84881,77441,1.09607313955,128000,915.761998892
split-files/10B.txt9206, 137389,78873,1.74190153792,126499,78873,1.60383147592,95137,78873,1.20620491169,90645,78873,1.14925259595,86533,78873,1.09711815197,128000,927.90647006
split-files/10B.txt9207, 134614,77708,1.73230555413,127554,77708,1.64145261749,93296,77708,1.20059710712,88292,77708,1.13620219282,85078,77708,1.09484222989,128000,828.73174715
split-files/10B.txt9208, 131532,76110,1.72818289318,124536,76110,1.63626330311,91066,76110,1.19650505847,86886,76110,1.14158454868,82920,76110,1.08947575877,128000,901.714812994
split-files/10B.txt9209, 140356,79738,1.76021470315,131598,79738,1.65037999448,95722,79738,1.20045649502,91330,79738,1.14537610675,86618,79738,1.08628257543,128000,1004.85965896
split-files/10B.txt9210, 134425,77734,1.72929477449,125538,77734,1.61496899684,93930,77734,1.20835155788,89092,77734,1.14611366969,84704,77734,1.08966475416,128000,851.489933968
split-files/10B.txt9211, 133235,76818,1.73442422349,136042,76818,1.77096513838,92150,76818,1.19958863808,88212,76818,1.14832461142,83328,76818,1.08474576271,128000,864.400985003
split-files/10B.txt9212, 136805,78875,1.73445324881,127219,78875,1.61291917591,95003,78875,1.20447543582,89807,78875,1.13859904913,85795,78875,1.08773375594,128000,1087.29900789
split-files/10B.txt9213, 136471,78501,1.73846193042,128725,78501,1.63978802818,94381,78501,1.20229041668,89217,78501,1.13650781519,85901,78501,1.09426631508,128000,894.399265051
split-files/10B.txt9214, 134360,77611,1.73119789721,127279,77611,1.63996083029,93091,77611,1.19945626264,88525,77611,1.14062439603,84831,77611,1.09302805015,128000,879.629924059
split-files/10B.txt9215, 131223,75916,1.72852890036,132152,75916,1.74076610991,91756,75916,1.20865166763,86746,75916,1.14265767427,82636,75916,1.0885188893,128000,884.051604986
split-files/10B.txt9216, 136447,78719,1.73334264917,130893,78719,1.66278789111,94435,78719,1.19964684511,89201,78719,1.13315717933,85979,78719,1.09222678134,128000,974.641855955
split-files/10B.txt9217, 139648,80488,1.73501639996,133582,80488,1.65965112812,97516,80488,1.21155948713,91942,80488,1.14230692774,87528,80488,1.08746645463,128000,931.036799908
split-files/10B.txt9218, 130106,75158,1.73109981639,123330,75158,1.64094307991,90702,75158,1.20681763751,86006,75158,1.1443359323,82078,75158,1.09207270018,128000,871.644181013
split-files/10B.txt9219, 135832,78177,1.73749312458,131233,78177,1.67866508052,94385,78177,1.20732440488,89013,78177,1.13860854215,84837,78177,1.08519129667,128000,919.301153183
split-files/10B.txt9220, 134958,77980,1.73067453193,125702,77980,1.61197743011,94036,77980,1.20589894845,89158,77980,1.14334444729,84930,77980,1.08912541677,128000,926.830526114
split-files/10B.txt9221, 136048,78665,1.72946036992,129791,78665,1.64992054916,94817,78665,1.20532638403,89375,78665,1.13614695227,85455,78665,1.08631538804,128000,968.933465004
split-files/10B.txt9222, 133028,76523,1.73840544673,129743,76523,1.6954771768,92207,76523,1.20495798649,88217,76523,1.15281680018,83263,76523,1.08807809417,128000,920.672661066
split-files/10B.txt9223, 134944,77959,1.73096114624,127987,77959,1.64172193076,93859,77959,1.2039533601,88933,77959,1.14076630023,85139,77959,1.09209969343,128000,989.162164927
split-files/10B.txt9224, 133872,77212,1.73382375797,122324,77212,1.58426151375,93236,77212,1.2075325079,88900,77212,1.15137543387,84172,77212,1.09014142879,128000,906.720504045
split-files/10B.txt9225, 134490,77164,1.74291120211,134052,77164,1.73723498004,92956,77164,1.20465502048,88492,77164,1.14680420922,84384,77164,1.09356694832,128000,956.315032959
split-files/10B.txt9226, 134910,77660,1.73718774144,125456,77660,1.61545197013,93780,77660,1.20757146536,88868,77660,1.14432140098,84640,77660,1.08987895957,128000,906.209217072
split-files/10B.txt9227, 136879,79005,1.73253591545,129893,79005,1.64411113221,95145,79005,1.20429086767,90213,79005,1.14186443896,85605,79005,1.08353901652,128000,865.347754955
split-files/10B.txt9228, 136050,78211,1.73952513074,128853,78211,1.64750482669,94583,78211,1.20933116825,89029,78211,1.13831813939,85551,78211,1.09384869136,128000,939.242445946
split-files/10B.txt9229, 133068,76845,1.73164161624,134309,76845,1.74779100787,92565,76845,1.20456763615,87639,76845,1.14046457154,83065,76845,1.08094215629,128000,943.343085051
split-files/10B.txt9230, 138537,79263,1.74781423867,126313,79263,1.59359347993,95919,79263,1.21013587676,90099,79263,1.13670943568,86203,79263,1.08755661532,128000,951.294090986
split-files/10B.txt9231, 134856,77617,1.73745442364,131209,77617,1.69046729454,93225,77617,1.2010899674,88885,77617,1.1451743819,84297,77617,1.08606362008,128000,1002.34220505
split-files/10B.txt9232, 133496,77149,1.73036591531,120485,77149,1.56171823355,92677,77149,1.20127286161,88633,77149,1.14885481341,84029,77149,1.08917808397,128000,884.254369974
split-files/10B.txt9233, 132422,76206,1.73768469674,135418,76206,1.77699918642,91878,76206,1.20565309818,87222,76206,1.14455554681,82686,76206,1.08503267459,128000,958.742174864
split-files/10B.txt9234, 138924,80279,1.73051482953,129875,80279,1.61779543841,96831,80279,1.20618094396,92219,80279,1.14873129959,87959,80279,1.09566636356,128000,927.775598049
split-files/10B.txt9235, 137214,78313,1.75212289147,125705,78313,1.60516133975,95057,78313,1.21380869077,88801,78313,1.13392412499,85713,78313,1.09449261298,128000,970.502778053
split-files/10B.txt9236, 132258,76436,1.73031032498,138684,76436,1.81438065833,92044,76436,1.20419697525,87368,76436,1.14302161285,83876,76436,1.09733633366,128000,965.41760087
split-files/10B.txt9237, 135207,77526,1.74402136058,123184,77526,1.5889379047,93934,77526,1.21164512551,87900,77526,1.13381317236,84466,77526,1.08951835513,128000,940.667108059
split-files/10B.txt9238, 135233,77874,1.73656162519,127984,77874,1.64347535763,93962,77874,1.20659013278,89052,77874,1.14353956391,84694,77874,1.08757736857,128000,914.497437
split-files/10B.txt9239, 137358,79198,1.73436197884,130734,79198,1.65072350312,95714,79198,1.20854061971,90436,79198,1.14189752266,86528,79198,1.09255284224,128000,910.757705927
split-files/10B.txt9240, 133358,76992,1.73210203658,131312,76992,1.70552784705,93156,76992,1.20994389027,87774,76992,1.14004052369,84182,76992,1.09338632585,128000,927.319329977
split-files/10B.txt9241, 133967,77051,1.73867957587,127325,77051,1.65247693086,92627,77051,1.20215182152,88775,77051,1.15215895965,83911,77051,1.08903193988,128000,969.905535936
split-files/10B.txt9242, 138984,79974,1.73786480606,125948,79974,1.57486183009,96566,79974,1.20746742691,91416,79974,1.14307149824,88244,79974,1.1034086078,128000,916.616155863
split-files/10B.txt9243, 135345,77623,1.74361980341,126431,77623,1.62878270616,94255,77623,1.21426639012,88777,77623,1.14369452353,84033,77623,1.08257861716,128000,1027.05455089
split-files/10B.txt9244, 130049,75002,1.73394042826,128168,75002,1.70886109704,90622,75002,1.20826111304,85460,75002,1.1394362817,82272,75002,1.09693074851,128000,851.728811026
split-files/10B.txt9245, 137861,79366,1.73702845047,131964,79366,1.66272711237,95554,79366,1.20396643399,90268,79366,1.13736360658,86736,79366,1.09286092281,128000,976.181537151
split-files/10B.txt9246, 138293,79505,1.73942519338,126961,79505,1.59689327715,95729,79505,1.20406263757,90581,79505,1.13931199296,86465,79505,1.08754166405,128000,1014.245893
split-files/10B.txt9247, 131010,75424,1.73698027153,137450,75424,1.8223642342,90432,75424,1.19898175647,86230,75424,1.14327004667,82624,75424,1.09546033093,128000,937.334900856
split-files/10B.txt9248, 136437,78761,1.73229136248,132555,78761,1.6830030091,94665,78761,1.20192734983,90203,78761,1.14527494572,85641,78761,1.08735287769,128000,998.587193012
split-files/10B.txt9249, 135101,77339,1.74686768642,125027,77339,1.61660998979,93163,77339,1.204605697,88187,77339,1.14026558399,84339,77339,1.09051060914,128000,883.065829992
split-files/10B.txt9250, 136227,78307,1.73965290459,128899,78307,1.64607250948,94411,78307,1.20565211284,89827,78307,1.14711328489,85247,78307,1.08862553795,128000,1043.68287182
split-files/10B.txt9251, 131239,75341,1.74193334307,126281,75341,1.67612588099,90805,75341,1.20525344766,86381,75341,1.14653375984,81861,75341,1.08653986541,128000,958.243329048
split-files/10B.txt9252, 138120,79374,1.74011641092,126250,79374,1.59057121979,95542,79374,1.20369390481,90906,79374,1.14528686976,86244,79374,1.08655227152,128000,1112.83171296
split-files/10B.txt9253, 136589,78265,1.74521178049,139641,78265,1.78420750016,94913,78265,1.21271321791,89341,78265,1.1415191976,86215,78265,1.10157797227,128000,1030.38881803
split-files/10B.txt9254, 137222,79230,1.73194497034,130268,79230,1.64417518617,95498,79230,1.2053262653,90198,79230,1.13843241197,86740,79230,1.09478732803,128000,1020.19028711
split-files/10B.txt9255, 132428,76054,1.74123648986,126896,76054,1.66849869829,91650,76054,1.20506482236,86842,76054,1.14184658269,82724,76054,1.08770084414,128000,1101.87760711
split-files/10B.txt9256, 138119,79529,1.73671239422,131513,79529,1.65364835469,95433,79529,1.19997736675,90677,79529,1.14017528197,86709,79529,1.09028153252,128000,983.873901844
split-files/10B.txt9257, 132089,76076,1.73627688101,119396,76076,1.56943056943,91060,76076,1.1969609338,86564,76076,1.13786213786,83496,76076,1.0975340449,128000,936.560351133
split-files/10B.txt9258, 139186,79913,1.74171911954,132185,79913,1.65411134609,95749,79913,1.19816550499,90911,79913,1.13762466683,87023,79913,1.08897175679,128000,994.086451054
split-files/10B.txt9259, 130424,75262,1.73293295421,131590,75262,1.74842550025,90482,75262,1.20222688741,86200,75262,1.14533230581,81632,75262,1.08463766575,128000,909.180334091
split-files/10B.txt9260, 136824,78966,1.73269508396,128862,78966,1.63186687942,95670,78966,1.21153407796,90306,78966,1.14360610896,85726,78966,1.08560646354,128000,1051.15791011
split-files/10B.txt9261, 137108,78685,1.7424922158,125607,78685,1.59632712715,94421,78685,1.1999872911,89971,78685,1.14343267459,86515,78685,1.09951070725,128000,1033.76490402
split-files/10B.txt9262, 134664,77689,1.73337280696,129351,77689,1.66498474688,93353,77689,1.20162442559,88915,77689,1.14449922125,85179,77689,1.09641004518,128000,1007.33558679
split-files/10B.txt9263, 133885,75889,1.76422142867,133675,75889,1.7614542292,91133,75889,1.20087232669,86689,75889,1.14231311521,82549,75889,1.08775975438,128000,1023.20292997
split-files/10B.txt9264, 134977,77818,1.73452157598,127652,77818,1.64039168316,93070,77818,1.19599578504,88714,77818,1.14001901874,85098,77818,1.09355162045,128000,1005.90382886
split-files/10B.txt9265, 138856,79693,1.74238640784,129949,79693,1.63062000427,95285,79693,1.19565080998,91381,79693,1.14666281857,86853,79693,1.08984477934,128000,1058.5623908
split-files/10B.txt9266, 135564,78126,1.73519698948,129958,78126,1.66344110795,94262,78126,1.20653815631,89442,78126,1.14484294601,85446,78126,1.09369480071,128000,978.62531209
split-files/10B.txt9267, 129452,74227,1.74400150888,120911,74227,1.62893556253,89663,74227,1.20795667345,85501,74227,1.15188543252,81167,74227,1.09349697549,128000,879.933794975
split-files/10B.txt9268, 139298,79907,1.7432515299,130127,79907,1.62848060871,96479,79907,1.20739109214,91553,79907,1.1457444279,88267,79907,1.10462162264,128000,1012.8512311
split-files/10B.txt9269, 137250,78280,1.75332141032,125208,78280,1.5994890138,93800,78280,1.19826264691,89512,78280,1.14348492591,85380,78280,1.0907000511,128000,1021.05856299
split-files/10B.txt9270, 133352,76870,1.73477299337,122770,76870,1.59711200729,92278,76870,1.20044230519,88222,76870,1.14767789775,83990,76870,1.0926239105,128000,966.252715826
split-files/10B.txt9271, 134866,77494,1.7403411877,150166,77494,1.93777582781,93622,77494,1.20811933827,88594,77494,1.14323689576,84574,77494,1.09136191189,128000,1077.39015603
split-files/10B.txt9272, 138191,79601,1.73604602957,128013,79601,1.60818331428,96705,79601,1.21487167247,91349,79601,1.1475860856,86221,79601,1.08316478436,128000,1029.78157496
split-files/10B.txt9273, 137157,78465,1.74800229402,126169,78465,1.60796533486,94145,78465,1.19983432103,89661,78465,1.1426878226,85525,78465,1.08997642261,128000,1051.12608886
split-files/10B.txt9274, 133942,76874,1.74235762416,129050,76874,1.67872102401,92266,76874,1.20022374275,87374,76874,1.1365871426,83414,76874,1.08507427739,128000,927.672363043
split-files/10B.txt9275, 129877,75227,1.72646789052,120201,75227,1.59784385925,90243,75227,1.19960918287,86351,75227,1.14787243942,82567,75227,1.09757135071,128000,968.926586866
split-files/10B.txt9276, 139477,80311,1.73671103585,135021,80311,1.68122673108,96383,80311,1.20012202563,91675,80311,1.14149991906,87511,80311,1.08965147987,128000,1077.10148907
split-files/10B.txt9277, 134123,76737,1.7478269935,121285,76737,1.58052829795,92257,76737,1.20224924091,88197,76737,1.1493412565,84037,76737,1.09513011976,128000,1022.49442196
split-files/10B.txt9278, 135891,78174,1.73831452913,130080,78174,1.66398035152,93858,78174,1.20062936526,89196,78174,1.14099316908,85284,78174,1.09095095556,128000,1000.08038998
split-files/10B.txt9279, 137068,78531,1.74539990577,136893,78531,1.74317148642,94303,78531,1.20083788568,89481,78531,1.13943538221,85981,78531,1.0948669952,128000,1034.62481284
split-files/10B.txt9280, 132708,76624,1.73193777407,123704,76624,1.61442889956,92800,76624,1.21110879098,87136,76624,1.13718939236,83914,76624,1.09513990395,128000,981.157092094
split-files/10B.txt9281, 140900,80800,1.74381188119,139072,80800,1.72118811881,96976,80800,1.2001980198,92788,80800,1.14836633663,88250,80800,1.0922029703,128000,1105.13849616
split-files/10B.txt9282, 129252,74713,1.72998005702,127237,74713,1.70301018564,89365,74713,1.19611044932,85033,74713,1.138128572,81223,74713,1.08713343059,128000,940.215353966
split-files/10B.txt9283, 132474,76254,1.7372727988,119570,76254,1.56804888924,91890,76254,1.20505153828,86934,76254,1.14005822645,82844,76254,1.08642169591,128000,1029.57103801
split-files/10B.txt9284, 137674,79187,1.738593456,138739,79187,1.75204263326,94755,79187,1.19659792643,89891,79187,1.13517370275,86527,79187,1.09269198227,128000,1046.90594292
split-files/10B.txt9285, 138320,79306,1.74413033062,123810,79306,1.56116813356,95426,79306,1.20326330921,90358,79306,1.13935893879,86406,79306,1.08952664363,128000,1044.05123115
split-files/10B.txt9286, 133668,76866,1.73897431894,128096,76866,1.66648453152,92766,76866,1.20685348529,87546,76866,1.13894309578,84506,76866,1.09939375016,128000,938.787461042
split-files/10B.txt9287, 135866,78150,1.73852847089,133452,78150,1.70763915547,94666,78150,1.2113371721,89742,78150,1.14833013436,84950,78150,1.08701215611,128000,1063.86904001
split-files/10B.txt9288, 135494,77652,1.74488744656,126724,77652,1.63194766394,93740,77652,1.20718075516,88788,77652,1.14340905579,84012,77652,1.08190387884,128000,986.593648911
split-files/10B.txt9289, 137512,79140,1.73757897397,127500,79140,1.61106899166,94532,79140,1.19449077584,89988,79140,1.13707354056,86240,79140,1.08971443012,128000,1159.6486001
split-files/10B.txt9290, 131877,75318,1.75093603123,130530,75318,1.73305186011,90906,75318,1.20696247909,86328,75318,1.14618019597,82648,75318,1.09732069359,128000,1029.43131685
split-files/10B.txt9291, 137769,79246,1.73849784216,129006,79246,1.62791812836,95314,79246,1.20276102264,89536,79246,1.12984882518,86616,79246,1.09300153951,128000,998.963990927
split-files/10B.txt9292, 137394,77806,1.76585353315,125394,77806,1.61162378223,94366,77806,1.21283705627,88282,77806,1.13464257255,85166,77806,1.09459424723,128000,1018.52142811
split-files/10B.txt9293, 138764,80057,1.73331501305,138295,80057,1.72745668711,95881,80057,1.19765916784,91229,80057,1.13955057022,86657,80057,1.0824412606,128000,1139.13373303
split-files/10B.txt9294, 135254,77542,1.74426762271,121772,77542,1.57040055712,93542,77542,1.20633979005,88990,77542,1.14763611978,84462,77542,1.0892419592,128000,1121.78820992
split-files/10B.txt9295, 129419,74570,1.73553707925,130750,74570,1.75338608019,90034,74570,1.20737562022,85256,74570,1.14330159582,80850,74570,1.08421617272,128000,1039.28288484
split-files/10B.txt9296, 137375,79268,1.73304486047,130280,79268,1.64353837614,95700,79268,1.2072967654,90554,79268,1.14237775647,86108,79268,1.08628954938,128000,1081.93289304
split-files/10B.txt9297, 134882,77619,1.73774462438,121171,77619,1.56109973074,94171,77619,1.21324675659,88407,77619,1.13898658834,84539,77619,1.08915342893,128000,1061.03049994
split-files/10B.txt9298, 140588,80624,1.74374875967,137008,80624,1.69934510816,96840,80624,1.20113117682,91940,80624,1.14035522921,87644,80624,1.08707084739,128000,1102.44612002
split-files/10B.txt9299, 131904,75646,1.74370092272,127898,75646,1.69074372736,90634,75646,1.19813341089,86770,75646,1.14705338022,82396,75646,1.08923142004,128000,958.460533142
split-files/10B.txt9300, 135534,77896,1.73993529835,131880,77896,1.69302659957,93556,77896,1.20103728048,88192,77896,1.13217623498,85366,77896,1.09589709356,128000,1024.804842
split-files/10B.txt9301, 136816,78442,1.74416766528,123174,78442,1.57025573035,94306,78442,1.20223859667,89242,78442,1.13768134418,85962,78442,1.09586701002,128000,1023.89862204
split-files/10B.txt9302, 134300,76902,1.74637850771,122394,76902,1.59155808692,92926,76902,1.20836909313,87222,76902,1.13419676991,84122,76902,1.09388572469,128000,984.249494791
split-files/10B.txt9303, 132466,75816,1.74720375646,136520,75816,1.80067531919,90824,75816,1.19795293869,86484,75816,1.14070908515,82776,75816,1.09180120291,128000,1021.94214511
split-files/10B.txt9304, 137432,79013,1.73935934593,129637,79013,1.64070469416,95349,79013,1.20675078785,90281,79013,1.14260944402,86293,79013,1.09213673699,128000,1127.18981004
split-files/10B.txt9305, 135254,77507,1.74505528533,125665,77507,1.62133742759,93443,77507,1.20560723548,88847,77507,1.14630936561,83887,77507,1.08231514573,128000,1100.50141788
split-files/10B.txt9306, 138809,79622,1.74334982794,132696,79622,1.66657456482,96170,79622,1.20783200623,90350,79622,1.13473663058,86702,79622,1.0889201477,128000,1106.51982307
split-files/10B.txt9307, 132132,76083,1.73668230748,133451,76083,1.75401863754,91807,76083,1.2066690325,86631,76083,1.13863806632,82823,76083,1.08858746369,128000,1069.35286593
split-files/10B.txt9308, 138681,79513,1.74412989071,123209,79513,1.54954535736,96017,79513,1.20756354307,90853,79513,1.14261818822,86913,79513,1.09306654258,128000,1094.44511199
split-files/10B.txt9309, 1290,810,1.59259259259,1082,810,1.33580246914,946,810,1.16790123457,894,810,1.1037037037,870,810,1.07407407407,2450,47.7429869175
